accidentDate,accidentTime,accidentDay,settlementType,settlement,district,streetType,streetName,houseNumber,locationComments,accidentType,mainAccidentCause,totalParticipantsAmount,injuryStatusParticipant1,injuryStatusParticipant2,injuryStatusParticipant3,injuryStatusParticipant4,injuryStatusParticipant5,injuryStatusParticipant6,injuryStatusParticipant7,injuryStatusParticipant8,injuryStatusParticipant9,latitude,longitude
2020-05-24,1:40:00,неділя,місто,Львів,Личаківський,вулиця,Личаківська,39,null,зіткнення бокове,недодержання дистанції,3,легко травмований,легко травмований,легко травмований,null,null,null,null,null,null,49.840799,24.045113
2020-06-21,18:15:00,неділя,місто,Львів,Залізничний,вулиця,Чернівецька,10,null,наїзд на пішохода - пішохід переходив дорогу поза межами піш.переходу,перехід у невстановленому місці,2,без ушкоджень,легко травмований,,null,null,null,null,null,null,49.837906,23.999076
2020-05-30,23:50:00,субота,місто,Львів,Шевченківський,проспект,"Чорновола В., просп.",14,null,наїзд на інші види перешкод,"перевищення безпечної швидкості,недодержання дистанції",2,помер на місці дтп,помер на місці дтп,,null,null,null,null,null,null,49.860978,24.01975
2020-05-31,9:50:00,неділя,місто,Львів,Галицький,вулиця,Франка І.,28,null,зіткнення бокове,"невиконання вимог сигналів регулювання,виїзд на смугу зустрічного руху",4,легко травмований,без ушкоджень,без ушкоджень,без ушкоджень,null,null,null,null,null,49.834516,24.034175
2020-06-11,14:50:00,четвер,місто,Львів,Залізничний,вулиця,Кульпарківська,228,null,зіткнення лобове,порушення правил маневрування,2,без ушкоджень,легко травмований,,null,null,null,null,null,null,49.804214,23.980998
2020-06-02,14:30:00,вівторок,місто,Львів,Галицький,вулиця,Бенедиктовича Ю.,null,null,падіння пасажира,порушення правил маневрування,2,без ушкоджень,легко травмований,,null,null,null,null,null,null,49.842009,24.015609
2020-06-16,15:01:00,вівторок,місто,Львів,Галицький,вулиця,Городоцька,26,null,наїзд на пішохода - на регульованому пішохідному переході,порушення правил проїзду пішохідних переходів,2,без ушкоджень,легко травмований,,null,null,null,null,null,null,49.842798,24.018549
2020-06-17,16:28:00,середа,місто,Львів,Залізничний,вулиця,Городоцька,288,null,наїзд на пішохода - пішохід переходив дорогу поза межами піш.переходу,порушення правил проїзду пішохідних переходів,2,без ушкоджень,легко травмований,,null,null,null,null,null,null,49.829471,23.962002
2020-06-04,17:37:00,четвер,місто,Львів,Сихівський,вулиця,Луганська,null,Перехрестя вул. Луганська - вул. Козельницька,зіткнення бокове,порушення правил проїзду перехресть,5,легко травмований,без ушкоджень,без ушкоджень,без ушкоджень,легко травмований,null,null,null,null,49.811016,24.024954
2020-05-17,14:35:00,неділя,селище,Рудне,Залізничний,вулиця,Шевченка Т.,313,null,зіткнення бокове,порушення правил маневрування,2,без ушкоджень,легко травмований,,null,null,null,null,null,null,49.841539,23.863013
2020-06-07,20:46:00,неділя,місто,Львів,Франківський,вулиця,Наукова,3,null,наїзд на пішохода - пішохід рухався у попутному напрямку,перехід у невстановленому місці,2,без ушкоджень,легко травмований,,null,null,null,null,null,null,49.802358,24.012702
2020-06-17,19:48:00,середа,місто,Львів,Франківський,вулиця,Окружна,null,вул. Окружна - вул. Сулими І.,зіткнення бокове,порушення правил маневрування,3,без ушкоджень,легко травмований,легко травмований,null,null,null,null,null,null,49.829734,23.979571
2020-06-15,22:10:00,понеділок,місто,Львів,Личаківський,вулиця,Медової Печери,79,null,наїзд на пішохода - пішохід переходив дорогу поза межами піш.переходу,порушення правил маневрування,2,без ушкоджень,легко травмований,,null,null,null,null,null,null,49.824169,24.080492
2020-06-03,8:30:00,середа,місто,Львів,Шевченківський,вулиця,Шевченка Т.,388,null,зіткнення бокове,невиконання вимог сигналів регулювання,2,легко травмований,без ушкоджень,,null,null,null,null,null,null,49.871591,23.944662
2020-06-15,13:34:00,понеділок,місто,Львів,Франківський,вулиця,Городоцька,179,null,наїзд на інші види перешкод,"перевтома, сон за кермом",1,легко травмований,null,,null,null,null,null,null,null,49.835043,23.995163
2020-06-07,17:40:00,неділя,місто,Львів,Залізничний,вулиця,Кузневича Г.,2,null,наїзд на велосипедиста - велосипедист рухався у попутному напрямку,порушення правил маневрування,2,без ушкоджень,легко травмований,,null,null,null,null,null,null,49.833893,23.982382
2020-05-25,8:52:00,понеділок,місто,Львів,Франківський,вулиця,Героїв УПА,33А,null,наїзд на пішохода - на регульованому пішохідному переході,порушення правил маневрування,2,без ушкоджень,легко травмований,,null,null,null,null,null,null,49.831059,23.996716
2020-05-29,9:50:00,п'ятниця,місто,Львів,Шевченківський,вулиця,Шевченка Т.,360,null,зіткнення з задньою частиною тз,порушення правил проїзду перехресть,2,без ушкоджень,легко травмований,,null,null,null,null,null,null,49.869041,23.953704
2020-06-11,8:01:00,четвер,місто,Львів,Сихівський,проспект,"Червоної Калини, просп.",null,"Перехрестя Червоної Калини, просп. - вул. Угорська",наїзд на пішохода - на регульованому пішохідному переході,пішоходи невиконання вимог сигналів регулювання,2,без ушкоджень,легко травмований,,null,null,null,null,null,null,49.810241,24.046471
2020-06-10,14:59:00,середа,місто,Львів,Франківський,вулиця,Наукова,null,вул. Наукова - вул. Стрийська 148А,зіткнення бокове,"перевищення безпечної швидкості,недодержання дистанції",2,без ушкоджень,легко травмований,,null,null,null,null,null,null,49.802084,24.014118
2020-06-20,0:15:00,субота,місто,Львів,Шевченківський,проспект,"Чорновола В., просп.",75,null,зіткнення бокове,порушення правил маневрування,3,легко травмований,без ушкоджень,без ушкоджень,null,null,null,null,null,null,49.863112,24.018046
2020-06-03,21:15:00,середа,місто,Львів,Сихівський,вулиця,Зелена,273,null,зіткнення бокове,порушення правил проїзду перехресть,4,без ушкоджень,без ушкоджень,легко травмований,легко травмований,null,null,null,null,null,49.80196,24.066346
2020-05-20,12:15:00,середа,місто,Львів,Франківський,вулиця,Стрийська,45А,null,зіткнення бокове,"порушення правил маневрування,виїзд на смугу зустрічного руху",5,легко травмований,легко травмований,легко травмований,легко травмований,легко травмований,null,null,null,null,49.806807,24.018999
2020-06-12,3:05:00,п'ятниця,місто,Львів,Сихівський,проспект,"Червоної Калини, просп.",35В,null,наїзд на інші види перешкод,перевищення безпечної швидкості,5,без ушкоджень,легко травмований,легко травмований,легко травмований,легко травмований,null,null,null,null,49.79769,24.05103
2020-06-18,19:08:00,четвер,місто,Львів,Франківський,вулиця,Стрийська,260,null,наїзд на пішохода - стояв на проїздній частині,порушення правил маневрування,2,без ушкоджень,легко травмований,,null,null,null,null,null,null,49.792105,24.015459
2020-06-18,11:24:00,четвер,місто,Львів,Залізничний,вулиця,Городоцька,null,вул. Городоцька - вул. Чернівецька,зіткнення лобове,виїзд на смугу зустрічного руху,2,легко травмований,без ушкоджень,,null,null,null,null,null,null,49.836758,24.00179
2020-05-28,9:03:00,четвер,місто,Львів,Залізничний,вулиця,Городоцька,168,null,наїзд на велосипедиста - велосипедист рухався у попутному напрямку,порушення правил проїзду пішохідних переходів,2,без ушкоджень,легко травмований,,null,null,null,null,null,null,49.833658,23.970076
2020-07-02,14:28:00,четвер,місто,Львів,Франківський,вулиця,Княгині Ольги,100А,null,наїзд на пішохода - пішохід рухався у попутному напрямку,невиконання вимог сигналів регулювання,3,без ушкоджень,легко травмований,тяжко травмований,null,null,null,null,null,null,49.816627,24.002504
2020-06-28,19:01:00,неділя,місто,Львів,Франківський,вулиця,Кульпарківська,null,null,наїзд на пішохода - пішохід на тротуарі чи велосипедній доріжці,порушення правил маневрування,2,без ушкоджень,легко травмований,,null,null,null,null,null,null,49.816942,23.986866
2020-07-13,19:15:00,понеділок,місто,Львів,Шевченківський,вулиця,"Мазепи І., гетьм.",1А,null,зіткнення бокове,"порушення правил маневрування,порушення правил проїзду пішохідних переходів",2,без ушкоджень,легко травмований,,null,null,null,null,null,null,49.832142,23.892614
2020-07-06,12:15:00,понеділок,місто,Львів,Галицький,вулиця,Городоцька,43,null,"наїзд на транспортний засіб, що стоїть - по ходу руху",порушення правил маневрування,3,без ушкоджень,без ушкоджень,легко травмований,null,null,null,null,null,null,49.84267,24.019884
2020-07-03,17:40:00,п'ятниця,місто,Львів,Франківський,вулиця,Стрийська,260,null,наїзд на пішохода - пішохід рухався у попутному напрямку,порушення правил проїзду пішохідних переходів,2,без ушкоджень,легко травмований,,null,null,null,null,null,null,49.792046,24.015475
2020-07-24,14:20:00,п'ятниця,місто,Львів,Сихівський,вулиця,Хуторівка,4Б,null,наїзд на пішохода - пішохід рухався у попутному напрямку,порушення правил маневрування,2,без ушкоджень,легко травмований,,null,null,null,null,null,null,49.799906,24.026531
2020-06-27,15:30:00,субота,місто,Львів,Шевченківський,вулиця,Шевченка Т.,14,null,зіткнення бокове,порушення правил маневрування,4,без ушкоджень,без ушкоджень,без ушкоджень,легко травмований,null,null,null,null,null,49.842833,24.016644
2020-07-24,19:01:00,п'ятниця,місто,Львів,Шевченківський,вулиця,Хмельницького Б.,101,null,зіткнення бокове,невиконання вимог сигналів регулювання,2,без ушкоджень,легко травмований,,null,null,null,null,null,null,49.852974,24.035055
2020-07-28,16:02:00,вівторок,місто,Львів,Сихівський,проспект,"Червоної Калини, просп.",49,null,зіткнення бокове,невиконання вимог сигналів регулювання,2,без ушкоджень,помер у лікарні протягом 30 діб,,null,null,null,null,null,null,49.799332,24.048477
2020-06-12,0:07:00,п'ятниця,місто,Львів,Шевченківський,вулиця,Погідна,null,null,наїзд на пішохода - пішохід рухався у попутному напрямку,порушення правил маневрування,2,без ушкоджень,легко травмований,,null,null,null,null,null,null,49.857675,24.044829
2020-06-23,15:13:00,вівторок,місто,Львів,Сихівський,вулиця,Зелена,407,null,наїзд на пішохода - на регульованому пішохідному переході,порушення правил маневрування,2,без ушкоджень,легко травмований,,null,null,null,null,null,null,49.786268,24.075703
2020-07-15,12:18:00,середа,місто,Львів,Франківський,вулиця,Володимира Великого,51,null,наїзд на пішохода - пішохід рухався у попутному напрямку,порушення правил проїзду пішохідних переходів,2,без ушкоджень,легко травмований,,null,null,null,null,null,null,49.809756,24.002928
2020-06-26,15:33:00,п'ятниця,місто,Львів,Сихівський,вулиця,Зелена,256,null,наїзд на пішохода - стояв на проїздній частині,порушення правил маневрування,2,без ушкоджень,легко травмований,,null,null,null,null,null,null,49.803338,24.064248
2020-06-28,19:42:00,неділя,місто,Львів,Шевченківський,вулиця,Шевченка Т.,418,null,зіткнення бокове,"перевищення безпечної швидкості,недодержання дистанції",6,легко травмований,легко травмований,без ушкоджень,легко травмований,легко травмований,легко травмований,null,null,null,49.871863,23.942771
2020-06-27,22:01:00,субота,місто,Львів,Сихівський,вулиця,Стрийська,350,null,перекидання тз,"порушення правил маневрування,перевищення безпечної швидкості",1,легко травмований,null,,null,null,null,null,null,null,49.779901,24.014052
2020-07-25,7:01:00,субота,місто,Львів,Залізничний,вулиця,Городоцька,112,null,наїзд на пішохода - на нерегульованому пішохідному переході,порушення правил проїзду пішохідних переходів,2,без ушкоджень,тяжко травмований,,null,null,null,null,null,null,49.836131,23.998217
2020-07-10,22:01:00,п'ятниця,місто,Львів,Шевченківський,вулиця,Хвильового М.,19,null,наїзд на пішохода - стояв на проїздній частині,порушення правил маневрування,2,без ушкоджень,легко травмований,,null,null,null,null,null,null,49.868996,24.033853
2020-06-24,17:38:00,середа,місто,Львів,Залізничний,вулиця,Городоцька,172,null,наїзд на велосипедиста - велосипедист рухався у попутному напрямку,порушення правил маневрування,2,без ушкоджень,легко травмований,,null,null,null,null,null,null,49.831093,23.970898
2020-06-02,14:54:00,вівторок,місто,Львів,Сихівський,вулиця,Хуторівка,4,null,наїзд на пішохода - пішохід рухався у попутному напрямку,порушення правил маневрування,2,без ушкоджень,легко травмований,,null,null,null,null,null,null,49.79948,24.034395
2020-07-10,20:01:00,п'ятниця,місто,Львів,Сихівський,вулиця,Луганська,null,Перехрестя вул. Луганська - вул. Козельницька,зіткнення бокове,порушення правил проїзду перехресть,2,легко травмований,без ушкоджень,,null,null,null,null,null,null,49.810995,24.024922
2020-07-12,22:52:00,неділя,місто,Львів,Галицький,площа,"Соборна, пл.",12,null,наїзд на пішохода - пішохід рухався у попутному напрямку,"порушення правил проїзду пішохідних переходів,неочікуваний вихід на проїзну частину",2,без ушкоджень,легко травмований,,null,null,null,null,null,null,49.838401,24.034701
2020-07-15,17:31:00,середа,місто,Львів,Залізничний,вулиця,Городоцька,302,null,наїзд на пішохода - пішохід рухався у попутному напрямку,порушення правил проїзду пішохідних переходів,2,без ушкоджень,легко травмований,,null,null,null,null,null,null,49.825578,23.913867
2020-06-26,12:25:00,п'ятниця,місто,Львів,Личаківський,вулиця,Глинянський Тракт,152,null,наїзд на пішохода - стояв на проїздній частині,порушення правил маневрування,2,без ушкоджень,легко травмований,,null,null,null,null,null,null,49.842321,24.103913
2020-06-11,12:18:00,четвер,місто,Львів,Личаківський,вулиця,Хмельницького Б.,null,null,наїзд на пішохода - на нерегульованому пішохідному переході,порушення правил проїзду пішохідних переходів,2,без ушкоджень,легко травмований,,null,null,null,null,null,null,49.874144,24.061126
2020-06-26,15:47:00,п'ятниця,місто,Львів,Залізничний,вулиця,Городоцька,291,null,наїзд на пішохода - стояв на проїздній частині,порушення правил маневрування,2,без ушкоджень,легко травмований,,null,null,null,null,null,null,49.829073,23.960007
2020-07-16,7:46:00,четвер,місто,Львів,Шевченківський,вулиця,Єрошенка В.,null,null,наїзд на інші види перешкод,перевищення безпечної швидкості,1,легко травмований,null,,null,null,null,null,null,null,49.855486,24.004033
2020-07-06,14:15:00,понеділок,місто,Львів,Шевченківський,вулиця,Брюховицька,193,null,зіткнення бокове,перевищення безпечної швидкості,2,без ушкоджень,легко травмований,,null,null,null,null,null,null,49.87384,23.950753
2020-07-23,6:01:00,четвер,місто,Львів,Сихівський,проспект,"Червоної Калини, просп.",25,null,зіткнення бокове,"перевищення безпечної швидкості,недодержання дистанції",2,легко травмований,легко травмований,,null,null,null,null,null,null,49.805647,24.045929
2020-07-09,5:01:00,четвер,місто,Львів,Личаківський,вулиця,Личаківська,10,null,наїзд на інші види перешкод,перевищення безпечної швидкості,2,без ушкоджень,легко травмований,,null,null,null,null,null,null,49.839501,24.038907
2020-07-09,22:02:00,четвер,місто,Львів,Залізничний,вулиця,Головатого А.,5,null,наїзд на пішохода - пішохід рухався у попутному напрямку,"перевищення безпечної швидкості,недодержання дистанції",2,без ушкоджень,легко травмований,,null,null,null,null,null,null,49.827432,23.97154
2020-07-18,12:03:00,субота,місто,Львів,Франківський,вулиця,Героїв УПА,null,Перехрестя вул. Героїв УПА - вул. Кульпарківська,зіткнення бокове,порушення правил проїзду перехресть,2,без ушкоджень,помер у лікарні протягом 30 діб,,null,null,null,null,null,null,49.828031,23.989999
2020-07-19,16:40:00,неділя,місто,Львів,Сихівський,вулиця,Кавалерідзе І.,null,Перехрестя вул. Кавалерідзе І. - вул. Сихівська,наїзд на пішохода - пішохід рухався у попутному напрямку,пішоходи невиконання вимог сигналів регулювання,2,без ушкоджень,легко травмований,,null,null,null,null,null,null,49.794508,24.06405
2020-06-30,18:50:00,вівторок,місто,Львів,Шевченківський,вулиця,Шевченка Т.,386,null,зіткнення бокове,порушення правил маневрування,5,без ушкоджень,без ушкоджень,без ушкоджень,без ушкоджень,легко травмований,null,null,null,null,49.871226,23.945518
2020-07-26,2:01:00,неділя,місто,Львів,Сихівський,проспект,"Червоної Калини, просп.",57А,null,наїзд на пішохода - пішохід рухався у попутному напрямку,"пішоходи невиконання вимог сигналів регулювання,неочікуваний вихід на проїзну частину",2,без ушкоджень,тяжко травмований,,null,null,null,null,null,null,49.797739,24.052602
2020-07-02,17:15:00,четвер,місто,Львів,Сихівський,вулиця,Луганська,null,"Перехрестя вул. Луганська - вул. Буйка П., проф.",наїзд на пішохода - пішохід рухався у попутному напрямку,недодержання дистанції,3,без ушкоджень,без ушкоджень,легко травмований,null,null,null,null,null,null,49.80978,24.03115
2020-07-02,20:53:00,четвер,місто,Львів,Залізничний,вулиця,Низинна,4,null,наїзд на пішохода - пішохід рухався у попутному напрямку,порушення правил проїзду пішохідних переходів,2,без ушкоджень,легко травмований,,null,null,null,null,null,null,49.843704,23.970672
2020-07-02,13:30:00,четвер,місто,Львів,Шевченківський,вулиця,Весняна,22,null,наїзд на пішохода - пішохід рухався у попутному напрямку,порушення правил проїзду пішохідних переходів,2,без ушкоджень,тяжко травмований,,null,null,null,null,null,null,49.861918,24.030163
2020-07-02,17:40:00,четвер,місто,Львів,Сихівський,вулиця,Луганська,44,null,зіткнення бокове,порушення правил маневрування,2,без ушкоджень,легко травмований,,null,null,null,null,null,null,49.808787,24.036992
2020-07-13,22:30:00,понеділок,місто,Львів,Шевченківський,вулиця,Промислова,50,null,наїзд на пішохода - пішохід рухався у попутному напрямку,"порушення правил маневрування,перевищення безпечної швидкості,порушення правил проїзду пішохідних переходів",2,без ушкоджень,помер на місці дтп,,null,null,null,null,null,null,49.859594,24.044706
2020-06-18,7:31:00,четвер,місто,Львів,Сихівський,вулиця,Зелена,null,вул. Зелена -вул. Луганська,падіння пасажира,недодержання дистанції,2,без ушкоджень,легко травмований,,null,null,null,null,null,null,49.806017,24.062011
2020-07-13,12:22:00,понеділок,місто,Львів,Сихівський,вулиця,Стрийська,null,Перехрестя вул. Стрийська - вул. Мікльоша К.,зіткнення бокове,невиконання вимог сигналів регулювання,4,без ушкоджень,без ушкоджень,легко травмований,легко травмований,null,null,null,null,null,49.783716,24.01401
2020-07-15,19:10:00,середа,місто,Львів,Шевченківський,вулиця,Шевченка Т.,124А,null,наїзд на пішохода - пішохід рухався у попутному напрямку,перехід у невстановленому місці,2,без ушкоджень,легко травмований,,null,null,null,null,null,null,49.850114,23.998341
2020-07-01,14:20:00,середа,місто,Львів,Франківський,вулиця,Володимира Великого,24,null,зіткнення бокове,порушення правил проїзду перехресть,2,легко травмований,без ушкоджень,,null,null,null,null,null,null,49.810916,23.998185
2020-06-18,16:45:00,четвер,місто,Львів,Личаківський,вулиця,Хмельницького Б.,192,null,зіткнення бокове,порушення правил маневрування,2,легко травмований,без ушкоджень,,null,null,null,null,null,null,49.818517,24.111418
2020-06-25,8:45:00,четвер,селище,Рудне,Залізничний,вулиця,Петлюри С.,32,null,наїзд на пішохода - на нерегульованому пішохідному переході,порушення правил маневрування,2,без ушкоджень,легко травмований,,null,null,null,null,null,null,49.843801,23.874847
2020-06-30,16:25:00,вівторок,місто,Львів,Шевченківський,вулиця,Грінченка Б.,null,null,наїзд на велосипедиста - велосипедист рухався у попутному напрямку,порушення правил маневрування,2,без ушкоджень,легко травмований,,null,null,null,null,null,null,49.871282,24.053836
2020-07-16,16:30:00,четвер,місто,Львів,Шевченківський,вулиця,Тена Б.,null,Перехрестя вул. Тена Б. - вул. Липинського В.,зіткнення бокове,порушення правил маневрування,2,без ушкоджень,легко травмований,,null,null,null,null,null,null,49.861489,24.028494
2020-07-10,9:42:00,п'ятниця,місто,Львів,Франківський,вулиця,Коновальця Є.,81,null,наїзд на велосипедиста - поза межами велосипедної доріжки,порушення правил проїзду перехресть,2,без ушкоджень,легко травмований,,null,null,null,null,null,null,49.828868,24.000408
2020-06-24,11:01:00,середа,місто,Львів,Шевченківський,вулиця,Липинського В.,44,null,зіткнення лобове,порушення правил маневрування,2,легко травмований,помер у лікарні протягом 30 діб,,null,null,null,null,null,null,49.86358648248799,24.034192882309625
2020-07-21,8:01:00,вівторок,місто,Львів,Франківський,вулиця,"Сахарова А., акад.",null,"Перехрестя вул. Сахарова А.,акад. - вул. Княгині Ольги",зіткнення бокове,порушення правил проїзду перехресть,2,без ушкоджень,легко травмований,,null,null,null,null,null,null,49.826135,24.009891
2020-07-21,15:14:00,вівторок,місто,Львів,Сихівський,вулиця,Зелена,288А,null,зіткнення бокове,порушення правил маневрування,4,без ушкоджень,без ушкоджень,без ушкоджень,легко травмований,null,null,null,null,null,49.795298,24.073185
2020-07-08,15:13:00,середа,місто,Львів,Франківський,вулиця,Володимира Великого,26А,null,падіння пасажира,"перевищення безпечної швидкості,порушення правил маневрування",2,без ушкоджень,помер у лікарні протягом 30 діб,,null,null,null,null,null,null,49.810919,23.994881
2020-07-01,17:05:00,середа,місто,Львів,Залізничний,вулиця,Городоцька,280,null,зіткнення бокове,порушення правил маневрування,2,без ушкоджень,легко травмований,,null,null,null,null,null,null,49.823523,23.929528
2020-07-12,17:30:00,неділя,місто,Львів,Личаківський,вулиця,Богданівська,125,null,наїзд на інші види перешкод,"перевищення безпечної швидкості,керування транспортним засобом у нетверезому стані",1,легко травмований,null,,null,null,null,null,null,null,49.850325,24.076935
2020-07-09,17:49:00,четвер,місто,Львів,Сихівський,вулиця,Сихівська,2,null,наїзд на пішохода - пішохід рухався у попутному напрямку,порушення правил проїзду пішохідних переходів,2,без ушкоджень,легко травмований,,null,null,null,null,null,null,49.795315,24.066566
2020-06-22,10:57:00,понеділок,місто,Львів,Шевченківський,вулиця,Лінкольна А.,10,null,наїзд на пішохода - пішохід рухався у попутному напрямку,порушення правил маневрування,2,без ушкоджень,легко травмований,,null,null,null,null,null,null,49.865833,24.032485
2020-07-03,14:01:00,п'ятниця,місто,Львів,Франківський,вулиця,Кульпарківська,null,Перехрестя вул. Кульпарківська - вул. Копистинського Т.,зіткнення бокове,"порушення правил маневрування,перевищення безпечної швидкості",6,легко травмований,без ушкоджень,без ушкоджень,без ушкоджень,легко травмований,легко травмований,null,null,null,49.828841,23.990182
2020-07-16,13:02:00,четвер,місто,Львів,Шевченківський,вулиця,Винниця,52,null,зіткнення бокове,порушення правил маневрування,1,легко травмований,null,,null,null,null,null,null,null,49.862008,23.993143
2020-07-09,22:30:00,четвер,місто,Львів,Галицький,вулиця,Нижанківського О.,20,null,наїзд на пішохода - пішохід рухався у попутному напрямку,порушення правил маневрування,2,без ушкоджень,легко травмований,,null,null,null,null,null,null,49.838021,24.032614
2020-07-14,20:22:00,вівторок,місто,Львів,Шевченківський,вулиця,Хвильового М.,null,null,наїзд на пішохода - пішохід рухався у попутному напрямку,порушення правил маневрування,2,без ушкоджень,легко травмований,,null,null,null,null,null,null,49.869982,24.040489
2020-07-18,16:30:00,субота,місто,Львів,Сихівський,вулиця,Зелена,251,null,зіткнення бокове,"недодержання дистанції,перевищення безпечної швидкості",4,без ушкоджень,без ушкоджень,без ушкоджень,легко травмований,null,null,null,null,null,49.806436,24.063599
2020-07-02,19:50:00,четвер,місто,Львів,Личаківський,вулиця,Богданівська,54,null,наїзд на пішохода - пішохід рухався у попутному напрямку,порушення правил проїзду пішохідних переходів,2,без ушкоджень,легко травмований,,null,null,null,null,null,null,49.855237,24.075744
2020-07-17,10:37:00,п'ятниця,місто,Львів,Залізничний,вулиця,Виговського І.,3,null,зіткнення лобове,порушення правил маневрування,2,без ушкоджень,легко травмований,,null,null,null,null,null,null,49.829536,23.968134
2020-07-24,20:30:00,п'ятниця,місто,Львів,Шевченківський,вулиця,Нагірна,null,null,зіткнення бокове,перевищення безпечної швидкості,3,без ушкоджень,легко травмований,легко травмований,null,null,null,null,null,null,49.878321,24.055767
2020-07-22,23:40:00,середа,місто,Львів,Залізничний,вулиця,Любінська,null,Перехрестя вул. Любінська - вул. Виговського І.,зіткнення бокове,порушення правил маневрування,3,легко травмований,легко травмований,легко травмований,null,null,null,null,null,null,49.820632,23.969012
2020-06-27,21:04:00,субота,місто,Львів,Галицький,вулиця,Шептицьких,null,null,наїзд на пішохода - пішохід рухався у попутному напрямку,"порушення правил маневрування,порушення правил проїзду пішохідних переходів",2,без ушкоджень,легко травмований,,null,null,null,null,null,null,49.837235,24.011843
2020-07-27,12:13:00,понеділок,місто,Львів,Франківський,вулиця,Горбачевського І.,8,null,зіткнення бокове,порушення правил маневрування,2,без ушкоджень,легко травмований,,null,null,null,null,null,null,49.82928,24.008625
2020-07-06,22:19:00,понеділок,місто,Львів,Шевченківський,вулиця,"Чорновола В., просп.",12,null,наїзд на пішохода - стояв на проїздній частині,порушення правил маневрування,2,без ушкоджень,легко травмований,,null,null,null,null,null,null,49.857229,24.022937
2020-07-18,23:10:00,субота,місто,Львів,Сихівський,вулиця,Морозна,27,null,наїзд на пішохода - пішохід рухався у попутному напрямку,перевищення безпечної швидкості,2,без ушкоджень,легко травмований,,null,null,null,null,null,null,49.796624,24.067971
2020-07-16,18:30:00,четвер,місто,Львів,Франківський,вулиця,Стрийська,204,null,зіткнення бокове,"перевищення безпечної швидкості,недодержання дистанції",5,без ушкоджень,без ушкоджень,без ушкоджень,легко травмований,легко травмований,null,null,null,null,49.796156,24.016038
2020-08-26,17:03:00,середа,місто,Львів,Франківський,вулиця,Кульпарківська,121,null,наїзд на велосипедиста - велосипедист рухався у попутному напрямку,порушення правил маневрування,2,без ушкоджень,легко травмований,,null,null,null,null,null,null,49.810185,23.983878
2020-08-18,12:38:00,вівторок,місто,Львів,Франківський,вулиця,Антоновича В.,73,null,наїзд на інші види перешкод,перевищення безпечної швидкості,1,легко травмований,null,,null,null,null,null,null,null,49.830149,23.998561
2020-08-24,0:01:00,понеділок,місто,Львів,Сихівський,вулиця,Стуса В.,1,null,наїзд на інші види перешкод,перевищення безпечної швидкості,1,легко травмований,null,,null,null,null,null,null,null,49.819047,24.04139
2020-07-31,9:12:00,п'ятниця,місто,Львів,Франківський,вулиця,Тролейбусна,14,null,наїзд на велосипедиста - поза межами велосипедної доріжки,порушення правил маневрування,2,без ушкоджень,легко травмований,,null,null,null,null,null,null,49.803192,24.006382
2020-08-24,21:56:00,понеділок,місто,Львів,Сихівський,вулиця,Сихівська,12,null,зіткнення бокове,порушення правил маневрування,1,легко травмований,null,,null,null,null,null,null,null,49.796312,24.063647
2020-07-30,7:55:00,четвер,місто,Львів,Личаківський,вулиця,Личаківська,139,null,наїзд на пішохода - пішохід рухався у попутному напрямку,порушення правил маневрування,2,без ушкоджень,легко травмований,,null,null,null,null,null,null,49.837806,24.059157
2020-08-05,7:12:00,середа,місто,Львів,Шевченківський,вулиця,Замарстинівська,82,null,наїзд на пішохода - пішохід рухався у попутному напрямку,"порушення правил проїзду пішохідних переходів,недодержання дистанції",3,без ушкоджень,без ушкоджень,помер на місці дтп,null,null,null,null,null,null,49.857039,24.027851